,Survived,Pclass,Sex,Age,Fare,Cabin,Embarked,Set,Title,familyType
0,0.0,3,male,22.0,7.25,U,S,train, Mr,Small_Family
1,1.0,1,female,38.0,71.2833,C,C,train, Mrs,Small_Family
2,1.0,3,female,26.0,7.925,U,S,train, Miss,Single
3,1.0,1,female,35.0,53.1,C,S,train, Mrs,Small_Family
4,0.0,3,male,35.0,8.05,U,S,train, Mr,Single
5,0.0,3,male,29.881137667304014,8.4583,U,Q,train, Mr,Single
6,0.0,1,male,54.0,51.8625,E,S,train, Mr,Single
7,0.0,3,male,2.0,21.075,U,S,train, Master,Single
8,1.0,3,female,27.0,11.1333,U,S,valid, Mrs,Small_Family
9,1.0,2,female,14.0,30.0708,U,C,train, Mrs,Small_Family
10,1.0,3,female,4.0,16.7,G,S,train, Miss,Small_Family
11,1.0,1,female,58.0,26.55,C,S,train, Miss,Single
12,0.0,3,male,20.0,8.05,U,S,train, Mr,Single
13,0.0,3,male,39.0,31.275,U,S,valid, Mr,Large_Family
14,0.0,3,female,14.0,7.8542,U,S,train, Miss,Single
15,1.0,2,female,55.0,16.0,U,S,train, Mrs,Single
16,0.0,3,male,2.0,29.125,U,Q,train, Master,Large_Family
17,1.0,2,male,29.881137667304014,13.0,U,S,train, Mr,Single
18,0.0,3,female,31.0,18.0,U,S,train, Mrs,Small_Family
19,1.0,3,female,29.881137667304014,7.225,U,C,train, Mrs,Single
20,0.0,2,male,35.0,26.0,U,S,valid, Mr,Single
21,1.0,2,male,34.0,13.0,D,S,train, Mr,Single
22,1.0,3,female,15.0,8.0292,U,Q,train, Miss,Single
23,1.0,1,male,28.0,35.5,A,S,train, Mr,Single
24,0.0,3,female,8.0,21.075,U,S,train, Miss,Single
25,1.0,3,female,38.0,31.3875,U,S,train, Mrs,Large_Family
26,0.0,3,male,29.881137667304014,7.225,U,C,train, Mr,Single
27,0.0,1,male,19.0,263.0,C,S,valid, Mr,Large_Family
28,1.0,3,female,29.881137667304014,7.8792,U,Q,train, Miss,Single
29,0.0,3,male,29.881137667304014,7.8958,U,S,train, Mr,Single
30,0.0,1,male,40.0,27.7208,U,C,train, Don,Single
31,1.0,1,female,29.881137667304014,146.5208,B,C,train, Mrs,Small_Family
32,1.0,3,female,29.881137667304014,7.75,U,Q,train, Miss,Single
33,0.0,2,male,66.0,10.5,U,S,train, Mr,Single
34,0.0,1,male,28.0,82.1708,U,C,train, Mr,Small_Family
35,0.0,1,male,42.0,52.0,U,S,train, Mr,Small_Family
36,1.0,3,male,29.881137667304014,7.2292,U,C,train, Mr,Single
37,0.0,3,male,21.0,8.05,U,S,train, Mr,Single
38,0.0,3,female,18.0,18.0,U,S,valid, Miss,Small_Family
39,1.0,3,female,14.0,11.2417,U,C,train, Miss,Small_Family
40,0.0,3,female,40.0,9.475,U,S,train, Mrs,Small_Family
41,0.0,2,female,27.0,21.0,U,S,train, Mrs,Small_Family
42,0.0,3,male,29.881137667304014,7.8958,U,C,train, Mr,Single
43,1.0,2,female,3.0,41.5792,U,C,train, Miss,Small_Family
44,1.0,3,female,19.0,7.8792,U,Q,train, Miss,Single
45,0.0,3,male,29.881137667304014,8.05,U,S,train, Mr,Single
46,0.0,3,male,29.881137667304014,15.5,U,Q,train, Mr,Small_Family
47,1.0,3,female,29.881137667304014,7.75,U,Q,train, Miss,Single
48,0.0,3,male,29.881137667304014,21.6792,U,C,train, Mr,Small_Family
49,0.0,3,female,18.0,17.8,U,S,train, Mrs,Small_Family
50,0.0,3,male,7.0,39.6875,U,S,train, Master,Large_Family
51,0.0,3,male,21.0,7.8,U,S,train, Mr,Single
52,1.0,1,female,49.0,76.7292,D,C,valid, Mrs,Small_Family
53,1.0,2,female,29.0,26.0,U,S,train, Mrs,Small_Family
54,0.0,1,male,65.0,61.9792,B,C,train, Mr,Small_Family
55,1.0,1,male,29.881137667304014,35.5,C,S,train, Mr,Single
56,1.0,2,female,21.0,10.5,U,S,train, Miss,Single
57,0.0,3,male,28.5,7.2292,U,C,train, Mr,Single
58,1.0,2,female,5.0,27.75,U,S,train, Miss,Small_Family
59,0.0,3,male,11.0,46.9,U,S,train, Master,Large_Family
60,0.0,3,male,22.0,7.2292,U,C,train, Mr,Single
61,1.0,1,female,38.0,80.0,B,S,train, Miss,Single
62,0.0,1,male,45.0,83.475,C,S,train, Mr,Small_Family
63,0.0,3,male,4.0,27.9,U,S,train, Master,Large_Family
64,0.0,1,male,29.881137667304014,27.7208,U,C,train, Mr,Single
65,1.0,3,male,29.881137667304014,15.2458,U,C,train, Master,Small_Family
66,1.0,2,female,29.0,10.5,F,S,train, Mrs,Single
67,0.0,3,male,19.0,8.1583,U,S,train, Mr,Single
68,1.0,3,female,17.0,7.925,U,S,train, Miss,Large_Family
69,0.0,3,male,26.0,8.6625,U,S,train, Mr,Small_Family
70,0.0,2,male,32.0,10.5,U,S,valid, Mr,Single
71,0.0,3,female,16.0,46.9,U,S,train, Miss,Large_Family
72,0.0,2,male,21.0,73.5,U,S,valid, Mr,Single
73,0.0,3,male,26.0,14.4542,U,C,train, Mr,Small_Family
74,1.0,3,male,32.0,56.4958,U,S,train, Mr,Single
75,0.0,3,male,25.0,7.65,F,S,train, Mr,Single
76,0.0,3,male,29.881137667304014,7.8958,U,S,train, Mr,Single
77,0.0,3,male,29.881137667304014,8.05,U,S,train, Mr,Single
78,1.0,2,male,0.83,29.0,U,S,train, Master,Small_Family
79,1.0,3,female,30.0,12.475,U,S,train, Miss,Single
80,0.0,3,male,22.0,9.0,U,S,train, Mr,Single
81,1.0,3,male,29.0,9.5,U,S,train, Mr,Single
82,1.0,3,female,29.881137667304014,7.7875,U,Q,train, Miss,Single
83,0.0,1,male,28.0,47.1,U,S,train, Mr,Single
84,1.0,2,female,17.0,10.5,U,S,train, Miss,Single
85,1.0,3,female,33.0,15.85,U,S,train, Mrs,Small_Family
86,0.0,3,male,16.0,34.375,U,S,train, Mr,Single
87,0.0,3,male,29.881137667304014,8.05,U,S,train, Mr,Single
88,1.0,1,female,23.0,263.0,C,S,train, Miss,Large_Family
89,0.0,3,male,24.0,8.05,U,S,valid, Mr,Single
90,0.0,3,male,29.0,8.05,U,S,train, Mr,Single
91,0.0,3,male,20.0,7.8542,U,S,train, Mr,Single
92,0.0,1,male,46.0,61.175,E,S,train, Mr,Small_Family
93,0.0,3,male,26.0,20.575,U,S,train, Mr,Small_Family
94,0.0,3,male,59.0,7.25,U,S,train, Mr,Single
95,0.0,3,male,29.881137667304014,8.05,U,S,train, Mr,Single
96,0.0,1,male,71.0,34.6542,A,C,train, Mr,Single
97,1.0,1,male,23.0,63.3583,D,C,train, Mr,Small_Family
98,1.0,2,female,34.0,23.0,U,S,train, Mrs,Small_Family
99,0.0,2,male,34.0,26.0,U,S,train, Mr,Small_Family
100,0.0,3,female,28.0,7.8958,U,S,train, Miss,Single
101,0.0,3,male,29.881137667304014,7.8958,U,S,train, Mr,Single
102,0.0,1,male,21.0,77.2875,D,S,train, Mr,Small_Family
103,0.0,3,male,33.0,8.6542,U,S,valid, Mr,Single
104,0.0,3,male,37.0,7.925,U,S,train, Mr,Small_Family
105,0.0,3,male,28.0,7.8958,U,S,train, Mr,Single
106,1.0,3,female,21.0,7.65,U,S,train, Miss,Single
107,1.0,3,male,29.881137667304014,7.775,U,S,train, Mr,Single
108,0.0,3,male,38.0,7.8958,U,S,train, Mr,Single
109,1.0,3,female,29.881137667304014,24.15,U,Q,valid, Miss,Small_Family
110,0.0,1,male,47.0,52.0,C,S,train, Mr,Single
111,0.0,3,female,14.5,14.4542,U,C,train, Miss,Small_Family
112,0.0,3,male,22.0,8.05,U,S,train, Mr,Single
113,0.0,3,female,20.0,9.825,U,S,train, Miss,Small_Family
114,0.0,3,female,17.0,14.4583,U,C,train, Miss,Single
115,0.0,3,male,21.0,7.925,U,S,train, Mr,Single
116,0.0,3,male,70.5,7.75,U,Q,train, Mr,Single
117,0.0,2,male,29.0,21.0,U,S,train, Mr,Small_Family
118,0.0,1,male,24.0,247.5208,B,C,train, Mr,Small_Family
119,0.0,3,female,2.0,31.275,U,S,train, Miss,Large_Family
120,0.0,2,male,21.0,73.5,U,S,train, Mr,Small_Family
121,0.0,3,male,29.881137667304014,8.05,U,S,train, Mr,Single
122,0.0,2,male,32.5,30.0708,U,C,valid, Mr,Small_Family
123,1.0,2,female,32.5,13.0,E,S,train, Miss,Single
124,0.0,1,male,54.0,77.2875,D,S,train, Mr,Small_Family
125,1.0,3,male,12.0,11.2417,U,C,train, Master,Small_Family
126,0.0,3,male,29.881137667304014,7.75,U,Q,train, Mr,Single
127,1.0,3,male,24.0,7.1417,U,S,train, Mr,Single
128,1.0,3,female,29.881137667304014,22.3583,F,C,train, Miss,Small_Family
129,0.0,3,male,45.0,6.975,U,S,train, Mr,Single
130,0.0,3,male,33.0,7.8958,U,C,train, Mr,Single
131,0.0,3,male,20.0,7.05,U,S,train, Mr,Single
132,0.0,3,female,47.0,14.5,U,S,train, Mrs,Small_Family
133,1.0,2,female,29.0,26.0,U,S,train, Mrs,Small_Family
134,0.0,2,male,25.0,13.0,U,S,train, Mr,Single
135,0.0,2,male,23.0,15.0458,U,C,train, Mr,Single
136,1.0,1,female,19.0,26.2833,D,S,train, Miss,Small_Family
137,0.0,1,male,37.0,53.1,C,S,train, Mr,Small_Family
138,0.0,3,male,16.0,9.2167,U,S,train, Mr,Single
139,0.0,1,male,24.0,79.2,B,C,train, Mr,Single
140,0.0,3,female,29.881137667304014,15.2458,U,C,train, Mrs,Small_Family
141,1.0,3,female,22.0,7.75,U,S,train, Miss,Single
142,1.0,3,female,24.0,15.85,U,S,train, Mrs,Small_Family
143,0.0,3,male,19.0,6.75,U,Q,train, Mr,Single
144,0.0,2,male,18.0,11.5,U,S,train, Mr,Single
145,0.0,2,male,19.0,36.75,U,S,train, Mr,Small_Family
146,1.0,3,male,27.0,7.7958,U,S,train, Mr,Single
147,0.0,3,female,9.0,34.375,U,S,valid, Miss,Single
148,0.0,2,male,36.5,26.0,F,S,train, Mr,Small_Family
149,0.0,2,male,42.0,13.0,U,S,valid, Rev,Single
150,0.0,2,male,51.0,12.525,U,S,train, Rev,Single
151,1.0,1,female,22.0,66.6,C,S,train, Mrs,Small_Family
152,0.0,3,male,55.5,8.05,U,S,train, Mr,Single
153,0.0,3,male,40.5,14.5,U,S,train, Mr,Small_Family
154,0.0,3,male,29.881137667304014,7.3125,U,S,train, Mr,Single
155,0.0,1,male,51.0,61.3792,U,C,train, Mr,Small_Family
156,1.0,3,female,16.0,7.7333,U,Q,train, Miss,Single
157,0.0,3,male,30.0,8.05,U,S,train, Mr,Single
158,0.0,3,male,29.881137667304014,8.6625,U,S,train, Mr,Single
159,0.0,3,male,29.881137667304014,69.55,U,S,train, Master,Large_Family
160,0.0,3,male,44.0,16.1,U,S,train, Mr,Small_Family
161,1.0,2,female,40.0,15.75,U,S,train, Mrs,Single
162,0.0,3,male,26.0,7.775,U,S,train, Mr,Single
163,0.0,3,male,17.0,8.6625,U,S,train, Mr,Single
164,0.0,3,male,1.0,39.6875,U,S,valid, Master,Large_Family
165,1.0,3,male,9.0,20.525,U,S,train, Master,Small_Family
166,1.0,1,female,29.881137667304014,55.0,E,S,train, Mrs,Small_Family
167,0.0,3,female,45.0,27.9,U,S,train, Mrs,Large_Family
168,0.0,1,male,29.881137667304014,25.925,U,S,train, Mr,Single
169,0.0,3,male,28.0,56.4958,U,S,train, Mr,Single
170,0.0,1,male,61.0,33.5,B,S,train, Mr,Single
171,0.0,3,male,4.0,29.125,U,Q,train, Master,Large_Family
172,1.0,3,female,1.0,11.1333,U,S,train, Miss,Small_Family
173,0.0,3,male,21.0,7.925,U,S,train, Mr,Single
174,0.0,1,male,56.0,30.6958,A,C,train, Mr,Single
175,0.0,3,male,18.0,7.8542,U,S,train, Mr,Small_Family
176,0.0,3,male,29.881137667304014,25.4667,U,S,train, Master,Single
177,0.0,1,female,50.0,28.7125,C,C,valid, Miss,Single
178,0.0,2,male,30.0,13.0,U,S,train, Mr,Single
179,0.0,3,male,36.0,0.0,U,S,train, Mr,Single
180,0.0,3,female,29.881137667304014,69.55,U,S,train, Miss,Large_Family
181,0.0,2,male,29.881137667304014,15.05,U,C,train, Mr,Single
182,0.0,3,male,9.0,31.3875,U,S,train, Master,Large_Family
183,1.0,2,male,1.0,39.0,F,S,train, Master,Small_Family
184,1.0,3,female,4.0,22.025,U,S,valid, Miss,Small_Family
185,0.0,1,male,29.881137667304014,50.0,A,S,train, Mr,Single
186,1.0,3,female,29.881137667304014,15.5,U,Q,train, Mrs,Small_Family
187,1.0,1,male,45.0,26.55,U,S,train, Mr,Single
188,0.0,3,male,40.0,15.5,U,Q,train, Mr,Small_Family
189,0.0,3,male,36.0,7.8958,U,S,train, Mr,Single
190,1.0,2,female,32.0,13.0,U,S,train, Mrs,Single
191,0.0,2,male,19.0,13.0,U,S,train, Mr,Single
192,1.0,3,female,19.0,7.8542,U,S,train, Miss,Small_Family
193,1.0,2,male,3.0,26.0,F,S,valid, Master,Small_Family
194,1.0,1,female,44.0,27.7208,B,C,train, Mrs,Single
195,1.0,1,female,58.0,146.5208,B,C,train, Miss,Single
196,0.0,3,male,29.881137667304014,7.75,U,Q,train, Mr,Single
197,0.0,3,male,42.0,8.4042,U,S,train, Mr,Small_Family
198,1.0,3,female,29.881137667304014,7.75,U,Q,train, Miss,Single
199,0.0,2,female,24.0,13.0,U,S,train, Miss,Single
200,0.0,3,male,28.0,9.5,U,S,train, Mr,Single
201,0.0,3,male,29.881137667304014,69.55,U,S,train, Mr,Large_Family
202,0.0,3,male,34.0,6.4958,U,S,train, Mr,Single
203,0.0,3,male,45.5,7.225,U,C,train, Mr,Single
204,1.0,3,male,18.0,8.05,U,S,train, Mr,Single
205,0.0,3,female,2.0,10.4625,G,S,train, Miss,Small_Family
206,0.0,3,male,32.0,15.85,U,S,train, Mr,Small_Family
207,1.0,3,male,26.0,18.7875,U,C,train, Mr,Single
208,1.0,3,female,16.0,7.75,U,Q,train, Miss,Single
209,1.0,1,male,40.0,31.0,A,C,train, Mr,Single
210,0.0,3,male,24.0,7.05,U,S,valid, Mr,Single
211,1.0,2,female,35.0,21.0,U,S,train, Miss,Single
212,0.0,3,male,22.0,7.25,U,S,train, Mr,Single
213,0.0,2,male,30.0,13.0,U,S,train, Mr,Single
214,0.0,3,male,29.881137667304014,7.75,U,Q,train, Mr,Small_Family
215,1.0,1,female,31.0,113.275,D,C,train, Miss,Small_Family
216,1.0,3,female,27.0,7.925,U,S,train, Miss,Single
217,0.0,2,male,42.0,27.0,U,S,train, Mr,Small_Family
218,1.0,1,female,32.0,76.2917,D,C,train, Miss,Single
219,0.0,2,male,30.0,10.5,U,S,train, Mr,Single
220,1.0,3,male,16.0,8.05,U,S,train, Mr,Single
221,0.0,2,male,27.0,13.0,U,S,train, Mr,Single
222,0.0,3,male,51.0,8.05,U,S,train, Mr,Single
223,0.0,3,male,29.881137667304014,7.8958,U,S,train, Mr,Single
224,1.0,1,male,38.0,90.0,C,S,train, Mr,Small_Family
225,0.0,3,male,22.0,9.35,U,S,valid, Mr,Single
226,1.0,2,male,19.0,10.5,U,S,train, Mr,Single
227,0.0,3,male,20.5,7.25,U,S,train, Mr,Single
228,0.0,2,male,18.0,13.0,U,S,valid, Mr,Single
229,0.0,3,female,29.881137667304014,25.4667,U,S,train, Miss,Single
230,1.0,1,female,35.0,83.475,C,S,train, Mrs,Small_Family
231,0.0,3,male,29.0,7.775,U,S,train, Mr,Single
232,0.0,2,male,59.0,13.5,U,S,train, Mr,Single
233,1.0,3,female,5.0,31.3875,U,S,train, Miss,Large_Family
234,0.0,2,male,24.0,10.5,U,S,train, Mr,Single
235,0.0,3,female,29.881137667304014,7.55,U,S,train, Miss,Single
236,0.0,2,male,44.0,26.0,U,S,train, Mr,Small_Family
237,1.0,2,female,8.0,26.25,U,S,train, Miss,Small_Family
238,0.0,2,male,19.0,10.5,U,S,train, Mr,Single
239,0.0,2,male,33.0,12.275,U,S,train, Mr,Single
240,0.0,3,female,29.881137667304014,14.4542,U,C,train, Miss,Small_Family
241,1.0,3,female,29.881137667304014,15.5,U,Q,train, Miss,Small_Family
242,0.0,2,male,29.0,10.5,U,S,train, Mr,Single
243,0.0,3,male,22.0,7.125,U,S,train, Mr,Single
244,0.0,3,male,30.0,7.225,U,C,train, Mr,Single
245,0.0,1,male,44.0,90.0,C,Q,train, Dr,Small_Family
246,0.0,3,female,25.0,7.775,U,S,train, Miss,Single
247,1.0,2,female,24.0,14.5,U,S,train, Mrs,Small_Family
248,1.0,1,male,37.0,52.5542,D,S,train, Mr,Small_Family
249,0.0,2,male,54.0,26.0,U,S,train, Rev,Small_Family
250,0.0,3,male,29.881137667304014,7.25,U,S,train, Mr,Single
251,0.0,3,female,29.0,10.4625,G,S,valid, Mrs,Small_Family
252,0.0,1,male,62.0,26.55,C,S,train, Mr,Single
253,0.0,3,male,30.0,16.1,U,S,train, Mr,Small_Family
254,0.0,3,female,41.0,20.2125,U,S,valid, Mrs,Small_Family
255,1.0,3,female,29.0,15.2458,U,C,train, Mrs,Small_Family
256,1.0,1,female,29.881137667304014,79.2,U,C,train, Mrs,Single
257,1.0,1,female,30.0,86.5,B,S,train, Miss,Single
258,1.0,1,female,35.0,512.3292,U,C,valid, Miss,Single
259,1.0,2,female,50.0,26.0,U,S,train, Mrs,Small_Family
260,0.0,3,male,29.881137667304014,7.75,U,Q,train, Mr,Single
261,1.0,3,male,3.0,31.3875,U,S,train, Master,Large_Family
262,0.0,1,male,52.0,79.65,E,S,train, Mr,Small_Family
263,0.0,1,male,40.0,0.0,B,S,valid, Mr,Single
264,0.0,3,female,29.881137667304014,7.75,U,Q,train, Miss,Single
265,0.0,2,male,36.0,10.5,U,S,train, Mr,Single
266,0.0,3,male,16.0,39.6875,U,S,train, Mr,Large_Family
267,1.0,3,male,25.0,7.775,U,S,train, Mr,Small_Family
268,1.0,1,female,58.0,153.4625,C,S,train, Mrs,Small_Family
269,1.0,1,female,35.0,135.6333,C,S,train, Miss,Single
270,0.0,1,male,29.881137667304014,31.0,U,S,valid, Mr,Single
271,1.0,3,male,25.0,0.0,U,S,train, Mr,Single
272,1.0,2,female,41.0,19.5,U,S,train, Mrs,Small_Family
273,0.0,1,male,37.0,29.7,C,C,valid, Mr,Small_Family
274,1.0,3,female,29.881137667304014,7.75,U,Q,train, Miss,Single
275,1.0,1,female,63.0,77.9583,D,S,valid, Miss,Small_Family
276,0.0,3,female,45.0,7.75,U,S,valid, Miss,Single
277,0.0,2,male,29.881137667304014,0.0,U,S,train, Mr,Single
278,0.0,3,male,7.0,29.125,U,Q,train, Master,Large_Family
279,1.0,3,female,35.0,20.25,U,S,train, Mrs,Small_Family
280,0.0,3,male,65.0,7.75,U,Q,train, Mr,Single
281,0.0,3,male,28.0,7.8542,U,S,train, Mr,Single
282,0.0,3,male,16.0,9.5,U,S,train, Mr,Single
283,1.0,3,male,19.0,8.05,U,S,train, Mr,Single
284,0.0,1,male,29.881137667304014,26.0,A,S,train, Mr,Single
285,0.0,3,male,33.0,8.6625,U,C,train, Mr,Single
286,1.0,3,male,30.0,9.5,U,S,valid, Mr,Single
287,0.0,3,male,22.0,7.8958,U,S,train, Mr,Single
288,1.0,2,male,42.0,13.0,U,S,train, Mr,Single
289,1.0,3,female,22.0,7.75,U,Q,train, Miss,Single
290,1.0,1,female,26.0,78.85,U,S,train, Miss,Single
291,1.0,1,female,19.0,91.0792,B,C,train, Mrs,Small_Family
292,0.0,2,male,36.0,12.875,D,C,train, Mr,Single
293,0.0,3,female,24.0,8.85,U,S,train, Miss,Single
294,0.0,3,male,24.0,7.8958,U,S,train, Mr,Single
295,0.0,1,male,29.881137667304014,27.7208,U,C,train, Mr,Single
296,0.0,3,male,23.5,7.2292,U,C,train, Mr,Single
297,0.0,1,female,2.0,151.55,C,S,train, Miss,Small_Family
298,1.0,1,male,29.881137667304014,30.5,C,S,valid, Mr,Single
299,1.0,1,female,50.0,247.5208,B,C,valid, Mrs,Small_Family
300,1.0,3,female,29.881137667304014,7.75,U,Q,valid, Miss,Single
301,1.0,3,male,29.881137667304014,23.25,U,Q,train, Mr,Small_Family
302,0.0,3,male,19.0,0.0,U,S,train, Mr,Single
303,1.0,2,female,29.881137667304014,12.35,E,Q,train, Miss,Single
304,0.0,3,male,29.881137667304014,8.05,U,S,train, Mr,Single
305,1.0,1,male,0.92,151.55,C,S,train, Master,Small_Family
306,1.0,1,female,29.881137667304014,110.8833,U,C,train, Miss,Single
307,1.0,1,female,17.0,108.9,C,C,train, Mrs,Small_Family
308,0.0,2,male,30.0,24.0,U,C,train, Mr,Small_Family
309,1.0,1,female,30.0,56.9292,E,C,train, Miss,Single
310,1.0,1,female,24.0,83.1583,C,C,train, Miss,Single
311,1.0,1,female,18.0,262.375,B,C,train, Miss,Single
312,0.0,2,female,26.0,26.0,U,S,train, Mrs,Small_Family
313,0.0,3,male,28.0,7.8958,U,S,train, Mr,Single
314,0.0,2,male,43.0,26.25,U,S,train, Mr,Small_Family
315,1.0,3,female,26.0,7.8542,U,S,train, Miss,Single
316,1.0,2,female,24.0,26.0,U,S,train, Mrs,Small_Family
317,0.0,2,male,54.0,14.0,U,S,train, Dr,Single
318,1.0,1,female,31.0,164.8667,C,S,train, Miss,Small_Family
319,1.0,1,female,40.0,134.5,E,C,train, Mrs,Small_Family
320,0.0,3,male,22.0,7.25,U,S,train, Mr,Single
321,0.0,3,male,27.0,7.8958,U,S,train, Mr,Single
322,1.0,2,female,30.0,12.35,U,Q,train, Miss,Single
323,1.0,2,female,22.0,29.0,U,S,train, Mrs,Small_Family
324,0.0,3,male,29.881137667304014,69.55,U,S,train, Mr,Large_Family
325,1.0,1,female,36.0,135.6333,C,C,train, Miss,Single
326,0.0,3,male,61.0,6.2375,U,S,train, Mr,Single
327,1.0,2,female,36.0,13.0,D,S,train, Mrs,Single
328,1.0,3,female,31.0,20.525,U,S,train, Mrs,Small_Family
329,1.0,1,female,16.0,57.9792,B,C,train, Miss,Small_Family
330,1.0,3,female,29.881137667304014,23.25,U,Q,train, Miss,Small_Family
331,0.0,1,male,45.5,28.5,C,S,train, Mr,Single
332,0.0,1,male,38.0,153.4625,C,S,train, Mr,Small_Family
333,0.0,3,male,16.0,18.0,U,S,train, Mr,Small_Family
334,1.0,1,female,29.881137667304014,133.65,U,S,train, Mrs,Small_Family
335,0.0,3,male,29.881137667304014,7.8958,U,S,train, Mr,Single
336,0.0,1,male,29.0,66.6,C,S,train, Mr,Small_Family
337,1.0,1,female,41.0,134.5,E,C,train, Miss,Single
338,1.0,3,male,45.0,8.05,U,S,train, Mr,Single
339,0.0,1,male,45.0,35.5,T,S,train, Mr,Single
340,1.0,2,male,2.0,26.0,F,S,train, Master,Small_Family
341,1.0,1,female,24.0,263.0,C,S,train, Miss,Large_Family
342,0.0,2,male,28.0,13.0,U,S,train, Mr,Single
343,0.0,2,male,25.0,13.0,U,S,train, Mr,Single
344,0.0,2,male,36.0,13.0,U,S,train, Mr,Single
345,1.0,2,female,24.0,13.0,F,S,train, Miss,Single
346,1.0,2,female,40.0,13.0,U,S,train, Miss,Single
347,1.0,3,female,29.881137667304014,16.1,U,S,train, Mrs,Small_Family
348,1.0,3,male,3.0,15.9,U,S,train, Master,Small_Family
349,0.0,3,male,42.0,8.6625,U,S,valid, Mr,Single
350,0.0,3,male,23.0,9.225,U,S,train, Mr,Single
351,0.0,1,male,29.881137667304014,35.0,C,S,train, Mr,Single
352,0.0,3,male,15.0,7.2292,U,C,train, Mr,Small_Family
353,0.0,3,male,25.0,17.8,U,S,train, Mr,Small_Family
354,0.0,3,male,29.881137667304014,7.225,U,C,train, Mr,Single
355,0.0,3,male,28.0,9.5,U,S,train, Mr,Single
356,1.0,1,female,22.0,55.0,E,S,train, Miss,Small_Family
357,0.0,2,female,38.0,13.0,U,S,train, Miss,Single
358,1.0,3,female,29.881137667304014,7.8792,U,Q,train, Miss,Single
359,1.0,3,female,29.881137667304014,7.8792,U,Q,valid, Miss,Single
360,0.0,3,male,40.0,27.9,U,S,train, Mr,Large_Family
361,0.0,2,male,29.0,27.7208,U,C,valid, Mr,Small_Family
362,0.0,3,female,45.0,14.4542,U,C,train, Mrs,Small_Family
363,0.0,3,male,35.0,7.05,U,S,train, Mr,Single
364,0.0,3,male,29.881137667304014,15.5,U,Q,train, Mr,Small_Family
365,0.0,3,male,30.0,7.25,U,S,train, Mr,Single
366,1.0,1,female,60.0,75.25,D,C,train, Mrs,Small_Family
367,1.0,3,female,29.881137667304014,7.2292,U,C,train, Mrs,Single
368,1.0,3,female,29.881137667304014,7.75,U,Q,valid, Miss,Single
369,1.0,1,female,24.0,69.3,B,C,train, Mme,Single
370,1.0,1,male,25.0,55.4417,E,C,train, Mr,Small_Family
371,0.0,3,male,18.0,6.4958,U,S,train, Mr,Small_Family
372,0.0,3,male,19.0,8.05,U,S,train, Mr,Single
373,0.0,1,male,22.0,135.6333,U,C,train, Mr,Single
374,0.0,3,female,3.0,21.075,U,S,train, Miss,Single
375,1.0,1,female,29.881137667304014,82.1708,U,C,train, Mrs,Small_Family
376,1.0,3,female,22.0,7.25,U,S,train, Miss,Single
377,0.0,1,male,27.0,211.5,C,C,valid, Mr,Small_Family
378,0.0,3,male,20.0,4.0125,U,C,train, Mr,Single
379,0.0,3,male,19.0,7.775,U,S,train, Mr,Single
380,1.0,1,female,42.0,227.525,U,C,train, Miss,Single
381,1.0,3,female,1.0,15.7417,U,C,train, Miss,Small_Family
382,0.0,3,male,32.0,7.925,U,S,valid, Mr,Single
383,1.0,1,female,35.0,52.0,U,S,train, Mrs,Small_Family
384,0.0,3,male,29.881137667304014,7.8958,U,S,train, Mr,Single
385,0.0,2,male,18.0,73.5,U,S,valid, Mr,Single
386,0.0,3,male,1.0,46.9,U,S,train, Master,Large_Family
387,1.0,2,female,36.0,13.0,U,S,train, Miss,Single
388,0.0,3,male,29.881137667304014,7.7292,U,Q,train, Mr,Single
389,1.0,2,female,17.0,12.0,U,C,train, Miss,Single
390,1.0,1,male,36.0,120.0,B,S,train, Mr,Small_Family
391,1.0,3,male,21.0,7.7958,U,S,train, Mr,Single
392,0.0,3,male,28.0,7.925,U,S,train, Mr,Small_Family
393,1.0,1,female,23.0,113.275,D,C,train, Miss,Small_Family
394,1.0,3,female,24.0,16.7,G,S,train, Mrs,Small_Family
395,0.0,3,male,22.0,7.7958,U,S,valid, Mr,Single
396,0.0,3,female,31.0,7.8542,U,S,train, Miss,Single
397,0.0,2,male,46.0,26.0,U,S,train, Mr,Single
398,0.0,2,male,23.0,10.5,U,S,train, Dr,Single
399,1.0,2,female,28.0,12.65,U,S,train, Mrs,Single
400,1.0,3,male,39.0,7.925,U,S,train, Mr,Single
401,0.0,3,male,26.0,8.05,U,S,valid, Mr,Single
402,0.0,3,female,21.0,9.825,U,S,train, Miss,Small_Family
403,0.0,3,male,28.0,15.85,U,S,valid, Mr,Small_Family
404,0.0,3,female,20.0,8.6625,U,S,train, Miss,Single
405,0.0,2,male,34.0,21.0,U,S,train, Mr,Small_Family
406,0.0,3,male,51.0,7.75,U,S,train, Mr,Single
407,1.0,2,male,3.0,18.75,U,S,train, Master,Small_Family
408,0.0,3,male,21.0,7.775,U,S,train, Mr,Single
409,0.0,3,female,29.881137667304014,25.4667,U,S,train, Miss,Single
410,0.0,3,male,29.881137667304014,7.8958,U,S,train, Mr,Single
411,0.0,3,male,29.881137667304014,6.8583,U,Q,train, Mr,Single
412,1.0,1,female,33.0,90.0,C,Q,train, Miss,Small_Family
413,0.0,2,male,29.881137667304014,0.0,U,S,train, Mr,Single
414,1.0,3,male,44.0,7.925,U,S,train, Mr,Single
415,0.0,3,female,29.881137667304014,8.05,U,S,train, Mrs,Single
416,1.0,2,female,34.0,32.5,U,S,train, Mrs,Small_Family
417,1.0,2,female,18.0,13.0,U,S,train, Miss,Small_Family
418,0.0,2,male,30.0,13.0,U,S,train, Mr,Single
419,0.0,3,female,10.0,24.15,U,S,train, Miss,Small_Family
420,0.0,3,male,29.881137667304014,7.8958,U,C,valid, Mr,Single
421,0.0,3,male,21.0,7.7333,U,Q,valid, Mr,Single
422,0.0,3,male,29.0,7.875,U,S,train, Mr,Single
423,0.0,3,female,28.0,14.4,U,S,train, Mrs,Small_Family
424,0.0,3,male,18.0,20.2125,U,S,train, Mr,Small_Family
425,0.0,3,male,29.881137667304014,7.25,U,S,train, Mr,Single
426,1.0,2,female,28.0,26.0,U,S,valid, Mrs,Small_Family
427,1.0,2,female,19.0,26.0,U,S,train, Miss,Single
428,0.0,3,male,29.881137667304014,7.75,U,Q,train, Mr,Single
429,1.0,3,male,32.0,8.05,E,S,train, Mr,Single
430,1.0,1,male,28.0,26.55,C,S,train, Mr,Single
431,1.0,3,female,29.881137667304014,16.1,U,S,train, Mrs,Small_Family
432,1.0,2,female,42.0,26.0,U,S,train, Mrs,Small_Family
433,0.0,3,male,17.0,7.125,U,S,train, Mr,Single
434,0.0,1,male,50.0,55.9,E,S,train, Mr,Small_Family
435,1.0,1,female,14.0,120.0,B,S,train, Miss,Small_Family
436,0.0,3,female,21.0,34.375,U,S,train, Miss,Single
437,1.0,2,female,24.0,18.75,U,S,train, Mrs,Large_Family
438,0.0,1,male,64.0,263.0,C,S,train, Mr,Large_Family
439,0.0,2,male,31.0,10.5,U,S,train, Mr,Single
440,1.0,2,female,45.0,26.25,U,S,train, Mrs,Small_Family
441,0.0,3,male,20.0,9.5,U,S,train, Mr,Single
442,0.0,3,male,25.0,7.775,U,S,valid, Mr,Small_Family
443,1.0,2,female,28.0,13.0,U,S,train, Ms,Single
444,1.0,3,male,29.881137667304014,8.1125,U,S,train, Mr,Single
445,1.0,1,male,4.0,81.8583,A,S,train, Master,Small_Family
446,1.0,2,female,13.0,19.5,U,S,train, Miss,Small_Family
447,1.0,1,male,34.0,26.55,U,S,valid, Mr,Single
448,1.0,3,female,5.0,19.2583,U,C,valid, Miss,Small_Family
449,1.0,1,male,52.0,30.5,C,S,valid, Major,Single
450,0.0,2,male,36.0,27.75,U,S,train, Mr,Small_Family
451,0.0,3,male,29.881137667304014,19.9667,U,S,valid, Mr,Small_Family
452,0.0,1,male,30.0,27.75,C,C,train, Mr,Single
453,1.0,1,male,49.0,89.1042,C,C,train, Mr,Small_Family
454,0.0,3,male,29.881137667304014,8.05,U,S,valid, Mr,Single
455,1.0,3,male,29.0,7.8958,U,C,train, Mr,Single
456,0.0,1,male,65.0,26.55,E,S,train, Mr,Single
457,1.0,1,female,29.881137667304014,51.8625,D,S,train, Mrs,Small_Family
458,1.0,2,female,50.0,10.5,U,S,train, Miss,Single
459,0.0,3,male,29.881137667304014,7.75,U,Q,train, Mr,Single
460,1.0,1,male,48.0,26.55,E,S,train, Mr,Single
461,0.0,3,male,34.0,8.05,U,S,train, Mr,Single
462,0.0,1,male,47.0,38.5,E,S,train, Mr,Single
463,0.0,2,male,48.0,13.0,U,S,train, Mr,Single
464,0.0,3,male,29.881137667304014,8.05,U,S,train, Mr,Single
465,0.0,3,male,38.0,7.05,U,S,train, Mr,Single
466,0.0,2,male,29.881137667304014,0.0,U,S,train, Mr,Single
467,0.0,1,male,56.0,26.55,U,S,train, Mr,Single
468,0.0,3,male,29.881137667304014,7.725,U,Q,train, Mr,Single
469,1.0,3,female,0.75,19.2583,U,C,train, Miss,Small_Family
470,0.0,3,male,29.881137667304014,7.25,U,S,train, Mr,Single
471,0.0,3,male,38.0,8.6625,U,S,valid, Mr,Single
472,1.0,2,female,33.0,27.75,U,S,train, Mrs,Small_Family
473,1.0,2,female,23.0,13.7917,D,C,train, Mrs,Single
474,0.0,3,female,22.0,9.8375,U,S,valid, Miss,Single
475,0.0,1,male,29.881137667304014,52.0,A,S,train, Mr,Single
476,0.0,2,male,34.0,21.0,U,S,train, Mr,Small_Family
477,0.0,3,male,29.0,7.0458,U,S,valid, Mr,Small_Family
478,0.0,3,male,22.0,7.5208,U,S,valid, Mr,Single
479,1.0,3,female,2.0,12.2875,U,S,train, Miss,Small_Family
480,0.0,3,male,9.0,46.9,U,S,train, Master,Large_Family
481,0.0,2,male,29.881137667304014,0.0,U,S,train, Mr,Single
482,0.0,3,male,50.0,8.05,U,S,train, Mr,Single
483,1.0,3,female,63.0,9.5875,U,S,train, Mrs,Single
484,1.0,1,male,25.0,91.0792,B,C,train, Mr,Small_Family
485,0.0,3,female,29.881137667304014,25.4667,U,S,train, Miss,Single
486,1.0,1,female,35.0,90.0,C,S,train, Mrs,Small_Family
487,0.0,1,male,58.0,29.7,B,C,train, Mr,Single
488,0.0,3,male,30.0,8.05,U,S,valid, Mr,Single
489,1.0,3,male,9.0,15.9,U,S,train, Master,Small_Family
490,0.0,3,male,29.881137667304014,19.9667,U,S,train, Mr,Small_Family
491,0.0,3,male,21.0,7.25,U,S,train, Mr,Single
492,0.0,1,male,55.0,30.5,C,S,train, Mr,Single
493,0.0,1,male,71.0,49.5042,U,C,train, Mr,Single
494,0.0,3,male,21.0,8.05,U,S,train, Mr,Single
495,0.0,3,male,29.881137667304014,14.4583,U,C,train, Mr,Single
496,1.0,1,female,54.0,78.2667,D,C,train, Miss,Small_Family
497,0.0,3,male,29.881137667304014,15.1,U,S,train, Mr,Single
498,0.0,1,female,25.0,151.55,C,S,train, Mrs,Small_Family
499,0.0,3,male,24.0,7.7958,U,S,train, Mr,Single
500,0.0,3,male,17.0,8.6625,U,S,train, Mr,Single
501,0.0,3,female,21.0,7.75,U,Q,train, Miss,Single
502,0.0,3,female,29.881137667304014,7.6292,U,Q,train, Miss,Single
503,0.0,3,female,37.0,9.5875,U,S,train, Miss,Single
504,1.0,1,female,16.0,86.5,B,S,train, Miss,Single
505,0.0,1,male,18.0,108.9,C,C,valid, Mr,Small_Family
506,1.0,2,female,33.0,26.0,U,S,train, Mrs,Small_Family
507,1.0,1,male,29.881137667304014,26.55,U,S,train, Mr,Single
508,0.0,3,male,28.0,22.525,U,S,train, Mr,Single
509,1.0,3,male,26.0,56.4958,U,S,train, Mr,Single
510,1.0,3,male,29.0,7.75,U,Q,train, Mr,Single
511,0.0,3,male,29.881137667304014,8.05,U,S,train, Mr,Single
512,1.0,1,male,36.0,26.2875,E,S,train, Mr,Single
513,1.0,1,female,54.0,59.4,U,C,train, Mrs,Small_Family
514,0.0,3,male,24.0,7.4958,U,S,train, Mr,Single
515,0.0,1,male,47.0,34.0208,D,S,train, Mr,Single
516,1.0,2,female,34.0,10.5,F,S,train, Mrs,Single
517,0.0,3,male,29.881137667304014,24.15,U,Q,train, Mr,Single
518,1.0,2,female,36.0,26.0,U,S,train, Mrs,Small_Family
519,0.0,3,male,32.0,7.8958,U,S,train, Mr,Single
520,1.0,1,female,30.0,93.5,B,S,train, Miss,Single
521,0.0,3,male,22.0,7.8958,U,S,train, Mr,Single
522,0.0,3,male,29.881137667304014,7.225,U,C,train, Mr,Single
523,1.0,1,female,44.0,57.9792,B,C,train, Mrs,Small_Family
524,0.0,3,male,29.881137667304014,7.2292,U,C,train, Mr,Single
525,0.0,3,male,40.5,7.75,U,Q,train, Mr,Single
526,1.0,2,female,50.0,10.5,U,S,train, Miss,Single
527,0.0,1,male,29.881137667304014,221.7792,C,S,valid, Mr,Single
528,0.0,3,male,39.0,7.925,U,S,train, Mr,Single
529,0.0,2,male,23.0,11.5,U,S,train, Mr,Small_Family
530,1.0,2,female,2.0,26.0,U,S,train, Miss,Small_Family
531,0.0,3,male,29.881137667304014,7.2292,U,C,train, Mr,Single
532,0.0,3,male,17.0,7.2292,U,C,train, Mr,Small_Family
533,1.0,3,female,29.881137667304014,22.3583,U,C,train, Mrs,Small_Family
534,0.0,3,female,30.0,8.6625,U,S,train, Miss,Single
535,1.0,2,female,7.0,26.25,U,S,train, Miss,Small_Family
536,0.0,1,male,45.0,26.55,B,S,train, Major,Single
537,1.0,1,female,30.0,106.425,U,C,train, Miss,Single
538,0.0,3,male,29.881137667304014,14.5,U,S,train, Mr,Single
539,1.0,1,female,22.0,49.5,B,C,valid, Miss,Small_Family
540,1.0,1,female,36.0,71.0,B,S,train, Miss,Small_Family
541,0.0,3,female,9.0,31.275,U,S,train, Miss,Large_Family
542,0.0,3,female,11.0,31.275,U,S,train, Miss,Large_Family
543,1.0,2,male,32.0,26.0,U,S,train, Mr,Small_Family
544,0.0,1,male,50.0,106.425,C,C,valid, Mr,Small_Family
545,0.0,1,male,64.0,26.0,U,S,train, Mr,Single
546,1.0,2,female,19.0,26.0,U,S,train, Mrs,Small_Family
547,1.0,2,male,29.881137667304014,13.8625,U,C,train, Mr,Single
548,0.0,3,male,33.0,20.525,U,S,train, Mr,Small_Family
549,1.0,2,male,8.0,36.75,U,S,train, Master,Small_Family
550,1.0,1,male,17.0,110.8833,C,C,train, Mr,Small_Family
551,0.0,2,male,27.0,26.0,U,S,train, Mr,Single
552,0.0,3,male,29.881137667304014,7.8292,U,Q,train, Mr,Single
553,1.0,3,male,22.0,7.225,U,C,train, Mr,Single
554,1.0,3,female,22.0,7.775,U,S,train, Miss,Single
555,0.0,1,male,62.0,26.55,U,S,train, Mr,Single
556,1.0,1,female,48.0,39.6,A,C,train, Lady,Small_Family
557,0.0,1,male,29.881137667304014,227.525,U,C,train, Mr,Single
558,1.0,1,female,39.0,79.65,E,S,train, Mrs,Small_Family
559,1.0,3,female,36.0,17.4,U,S,train, Mrs,Small_Family
560,0.0,3,male,29.881137667304014,7.75,U,Q,train, Mr,Single
561,0.0,3,male,40.0,7.8958,U,S,train, Mr,Single
562,0.0,2,male,28.0,13.5,U,S,valid, Mr,Single
563,0.0,3,male,29.881137667304014,8.05,U,S,train, Mr,Single
564,0.0,3,female,29.881137667304014,8.05,U,S,train, Miss,Single
565,0.0,3,male,24.0,24.15,U,S,valid, Mr,Small_Family
566,0.0,3,male,19.0,7.8958,U,S,train, Mr,Single
567,0.0,3,female,29.0,21.075,U,S,valid, Mrs,Single
568,0.0,3,male,29.881137667304014,7.2292,U,C,train, Mr,Single
569,1.0,3,male,32.0,7.8542,U,S,valid, Mr,Single
570,1.0,2,male,62.0,10.5,U,S,valid, Mr,Single
571,1.0,1,female,53.0,51.4792,C,S,train, Mrs,Small_Family
572,1.0,1,male,36.0,26.3875,E,S,train, Mr,Single
573,1.0,3,female,29.881137667304014,7.75,U,Q,train, Miss,Single
574,0.0,3,male,16.0,8.05,U,S,valid, Mr,Single
575,0.0,3,male,19.0,14.5,U,S,train, Mr,Single
576,1.0,2,female,34.0,13.0,U,S,train, Miss,Single
577,1.0,1,female,39.0,55.9,E,S,train, Mrs,Small_Family
578,0.0,3,female,29.881137667304014,14.4583,U,C,train, Mrs,Small_Family
579,1.0,3,male,32.0,7.925,U,S,valid, Mr,Single
580,1.0,2,female,25.0,30.0,U,S,train, Miss,Small_Family
581,1.0,1,female,39.0,110.8833,C,C,train, Mrs,Small_Family
582,0.0,2,male,54.0,26.0,U,S,train, Mr,Single
583,0.0,1,male,36.0,40.125,A,C,train, Mr,Single
584,0.0,3,male,29.881137667304014,8.7125,U,C,train, Mr,Single
585,1.0,1,female,18.0,79.65,E,S,train, Miss,Small_Family
586,0.0,2,male,47.0,15.0,U,S,train, Mr,Single
587,1.0,1,male,60.0,79.2,B,C,train, Mr,Small_Family
588,0.0,3,male,22.0,8.05,U,S,train, Mr,Single
589,0.0,3,male,29.881137667304014,8.05,U,S,valid, Mr,Single
590,0.0,3,male,35.0,7.125,U,S,train, Mr,Single
591,1.0,1,female,52.0,78.2667,D,C,train, Mrs,Small_Family
592,0.0,3,male,47.0,7.25,U,S,train, Mr,Single
593,0.0,3,female,29.881137667304014,7.75,U,Q,train, Miss,Small_Family
594,0.0,2,male,37.0,26.0,U,S,train, Mr,Small_Family
595,0.0,3,male,36.0,24.15,U,S,valid, Mr,Small_Family
596,1.0,2,female,29.881137667304014,33.0,U,S,train, Miss,Single
597,0.0,3,male,49.0,0.0,U,S,train, Mr,Single
598,0.0,3,male,29.881137667304014,7.225,U,C,train, Mr,Single
599,1.0,1,male,49.0,56.9292,A,C,valid, Sir,Small_Family
600,1.0,2,female,24.0,27.0,U,S,train, Mrs,Small_Family
601,0.0,3,male,29.881137667304014,7.8958,U,S,train, Mr,Single
602,0.0,1,male,29.881137667304014,42.4,U,S,train, Mr,Single
603,0.0,3,male,44.0,8.05,U,S,train, Mr,Single
604,1.0,1,male,35.0,26.55,U,C,train, Mr,Single
605,0.0,3,male,36.0,15.55,U,S,train, Mr,Small_Family
606,0.0,3,male,30.0,7.8958,U,S,train, Mr,Single
607,1.0,1,male,27.0,30.5,U,S,train, Mr,Single
608,1.0,2,female,22.0,41.5792,U,C,train, Mrs,Small_Family
609,1.0,1,female,40.0,153.4625,C,S,train, Miss,Single
610,0.0,3,female,39.0,31.275,U,S,train, Mrs,Large_Family
611,0.0,3,male,29.881137667304014,7.05,U,S,train, Mr,Single
612,1.0,3,female,29.881137667304014,15.5,U,Q,valid, Miss,Small_Family
613,0.0,3,male,29.881137667304014,7.75,U,Q,train, Mr,Single
614,0.0,3,male,35.0,8.05,U,S,train, Mr,Single
615,1.0,2,female,24.0,65.0,U,S,train, Miss,Small_Family
616,0.0,3,male,34.0,14.4,U,S,train, Mr,Small_Family
617,0.0,3,female,26.0,16.1,U,S,train, Mrs,Small_Family
618,1.0,2,female,4.0,39.0,F,S,train, Miss,Small_Family
619,0.0,2,male,26.0,10.5,U,S,valid, Mr,Single
620,0.0,3,male,27.0,14.4542,U,C,train, Mr,Small_Family
621,1.0,1,male,42.0,52.5542,D,S,train, Mr,Small_Family
622,1.0,3,male,20.0,15.7417,U,C,train, Mr,Small_Family
623,0.0,3,male,21.0,7.8542,U,S,train, Mr,Single
624,0.0,3,male,21.0,16.1,U,S,valid, Mr,Single
625,0.0,1,male,61.0,32.3208,D,S,train, Mr,Single
626,0.0,2,male,57.0,12.35,U,Q,train, Rev,Single
627,1.0,1,female,21.0,77.9583,D,S,train, Miss,Single
628,0.0,3,male,26.0,7.8958,U,S,train, Mr,Single
629,0.0,3,male,29.881137667304014,7.7333,U,Q,train, Mr,Single
630,1.0,1,male,80.0,30.0,A,S,train, Mr,Single
631,0.0,3,male,51.0,7.0542,U,S,train, Mr,Single
632,1.0,1,male,32.0,30.5,B,C,train, Dr,Single
633,0.0,1,male,29.881137667304014,0.0,U,S,train, Mr,Single
634,0.0,3,female,9.0,27.9,U,S,train, Miss,Large_Family
635,1.0,2,female,28.0,13.0,U,S,valid, Miss,Single
636,0.0,3,male,32.0,7.925,U,S,train, Mr,Single
637,0.0,2,male,31.0,26.25,U,S,train, Mr,Small_Family
638,0.0,3,female,41.0,39.6875,U,S,train, Mrs,Large_Family
639,0.0,3,male,29.881137667304014,16.1,U,S,train, Mr,Small_Family
640,0.0,3,male,20.0,7.8542,U,S,train, Mr,Single
641,1.0,1,female,24.0,69.3,B,C,valid, Mlle,Single
642,0.0,3,female,2.0,27.9,U,S,valid, Miss,Large_Family
643,1.0,3,male,29.881137667304014,56.4958,U,S,train, Mr,Single
644,1.0,3,female,0.75,19.2583,U,C,train, Miss,Small_Family
645,1.0,1,male,48.0,76.7292,D,C,train, Mr,Small_Family
646,0.0,3,male,19.0,7.8958,U,S,train, Mr,Single
647,1.0,1,male,56.0,35.5,A,C,train, Col,Single
648,0.0,3,male,29.881137667304014,7.55,U,S,train, Mr,Single
649,1.0,3,female,23.0,7.55,U,S,train, Miss,Single
650,0.0,3,male,29.881137667304014,7.8958,U,S,train, Mr,Single
651,1.0,2,female,18.0,23.0,U,S,train, Miss,Small_Family
652,0.0,3,male,21.0,8.4333,U,S,train, Mr,Single
653,1.0,3,female,29.881137667304014,7.8292,U,Q,train, Miss,Single
654,0.0,3,female,18.0,6.75,U,Q,train, Miss,Single
655,0.0,2,male,24.0,73.5,U,S,train, Mr,Small_Family
656,0.0,3,male,29.881137667304014,7.8958,U,S,train, Mr,Single
657,0.0,3,female,32.0,15.5,U,Q,train, Mrs,Small_Family
658,0.0,2,male,23.0,13.0,U,S,train, Mr,Single
659,0.0,1,male,58.0,113.275,D,C,valid, Mr,Small_Family
660,1.0,1,male,50.0,133.65,U,S,train, Dr,Small_Family
661,0.0,3,male,40.0,7.225,U,C,train, Mr,Single
662,0.0,1,male,47.0,25.5875,E,S,train, Mr,Single
663,0.0,3,male,36.0,7.4958,U,S,train, Mr,Single
664,1.0,3,male,20.0,7.925,U,S,train, Mr,Small_Family
665,0.0,2,male,32.0,73.5,U,S,train, Mr,Small_Family
666,0.0,2,male,25.0,13.0,U,S,train, Mr,Single
667,0.0,3,male,29.881137667304014,7.775,U,S,train, Mr,Single
668,0.0,3,male,43.0,8.05,U,S,train, Mr,Single
669,1.0,1,female,29.881137667304014,52.0,C,S,train, Mrs,Small_Family
670,1.0,2,female,40.0,39.0,U,S,train, Mrs,Small_Family
671,0.0,1,male,31.0,52.0,B,S,train, Mr,Small_Family
672,0.0,2,male,70.0,10.5,U,S,train, Mr,Single
673,1.0,2,male,31.0,13.0,U,S,train, Mr,Single
674,0.0,2,male,29.881137667304014,0.0,U,S,train, Mr,Single
675,0.0,3,male,18.0,7.775,U,S,train, Mr,Single
676,0.0,3,male,24.5,8.05,U,S,train, Mr,Single
677,1.0,3,female,18.0,9.8417,U,S,train, Miss,Single
678,0.0,3,female,43.0,46.9,U,S,train, Mrs,Large_Family
679,1.0,1,male,36.0,512.3292,B,C,train, Mr,Small_Family
680,0.0,3,female,29.881137667304014,8.1375,U,Q,train, Miss,Single
681,1.0,1,male,27.0,76.7292,D,C,train, Mr,Single
682,0.0,3,male,20.0,9.225,U,S,train, Mr,Single
683,0.0,3,male,14.0,46.9,U,S,train, Mr,Large_Family
684,0.0,2,male,60.0,39.0,U,S,train, Mr,Small_Family
685,0.0,2,male,25.0,41.5792,U,C,train, Mr,Small_Family
686,0.0,3,male,14.0,39.6875,U,S,train, Mr,Large_Family
687,0.0,3,male,19.0,10.1708,U,S,train, Mr,Single
688,0.0,3,male,18.0,7.7958,U,S,valid, Mr,Single
689,1.0,1,female,15.0,211.3375,B,S,train, Miss,Small_Family
690,1.0,1,male,31.0,57.0,B,S,train, Mr,Small_Family
691,1.0,3,female,4.0,13.4167,U,C,train, Miss,Small_Family
692,1.0,3,male,29.881137667304014,56.4958,U,S,train, Mr,Single
693,0.0,3,male,25.0,7.225,U,C,train, Mr,Single
694,0.0,1,male,60.0,26.55,U,S,train, Col,Single
695,0.0,2,male,52.0,13.5,U,S,train, Mr,Single
696,0.0,3,male,44.0,8.05,U,S,train, Mr,Single
697,1.0,3,female,29.881137667304014,7.7333,U,Q,train, Miss,Single
698,0.0,1,male,49.0,110.8833,C,C,train, Mr,Small_Family
699,0.0,3,male,42.0,7.65,F,S,train, Mr,Single
700,1.0,1,female,18.0,227.525,C,C,train, Mrs,Small_Family
701,1.0,1,male,35.0,26.2875,E,S,train, Mr,Single
702,0.0,3,female,18.0,14.4542,U,C,train, Miss,Small_Family
703,0.0,3,male,25.0,7.7417,U,Q,train, Mr,Single
704,0.0,3,male,26.0,7.8542,U,S,train, Mr,Small_Family
705,0.0,2,male,39.0,26.0,U,S,train, Mr,Single
706,1.0,2,female,45.0,13.5,U,S,train, Mrs,Single
707,1.0,1,male,42.0,26.2875,E,S,train, Mr,Single
708,1.0,1,female,22.0,151.55,U,S,train, Miss,Single
709,1.0,3,male,29.881137667304014,15.2458,U,C,train, Master,Small_Family
710,1.0,1,female,24.0,49.5042,C,C,train, Mlle,Single
711,0.0,1,male,29.881137667304014,26.55,C,S,train, Mr,Single
712,1.0,1,male,48.0,52.0,C,S,train, Mr,Small_Family
713,0.0,3,male,29.0,9.4833,U,S,train, Mr,Single
714,0.0,2,male,52.0,13.0,U,S,train, Mr,Single
715,0.0,3,male,19.0,7.65,F,S,train, Mr,Single
716,1.0,1,female,38.0,227.525,C,C,train, Miss,Single
717,1.0,2,female,27.0,10.5,E,S,train, Miss,Single
718,0.0,3,male,29.881137667304014,15.5,U,Q,train, Mr,Single
719,0.0,3,male,33.0,7.775,U,S,train, Mr,Single
720,1.0,2,female,6.0,33.0,U,S,train, Miss,Small_Family
721,0.0,3,male,17.0,7.0542,U,S,valid, Mr,Small_Family
722,0.0,2,male,34.0,13.0,U,S,train, Mr,Single
723,0.0,2,male,50.0,13.0,U,S,train, Mr,Single
724,1.0,1,male,27.0,53.1,E,S,train, Mr,Small_Family
725,0.0,3,male,20.0,8.6625,U,S,train, Mr,Single
726,1.0,2,female,30.0,21.0,U,S,train, Mrs,Small_Family
727,1.0,3,female,29.881137667304014,7.7375,U,Q,valid, Miss,Single
728,0.0,2,male,25.0,26.0,U,S,train, Mr,Small_Family
729,0.0,3,female,25.0,7.925,U,S,train, Miss,Small_Family
730,1.0,1,female,29.0,211.3375,B,S,train, Miss,Single
731,0.0,3,male,11.0,18.7875,U,C,train, Mr,Single
732,0.0,2,male,29.881137667304014,0.0,U,S,train, Mr,Single
733,0.0,2,male,23.0,13.0,U,S,train, Mr,Single
734,0.0,2,male,23.0,13.0,U,S,train, Mr,Single
735,0.0,3,male,28.5,16.1,U,S,train, Mr,Single
736,0.0,3,female,48.0,34.375,U,S,train, Mrs,Single
737,1.0,1,male,35.0,512.3292,B,C,train, Mr,Single
738,0.0,3,male,29.881137667304014,7.8958,U,S,train, Mr,Single
739,0.0,3,male,29.881137667304014,7.8958,U,S,train, Mr,Single
740,1.0,1,male,29.881137667304014,30.0,D,S,train, Mr,Single
741,0.0,1,male,36.0,78.85,C,S,valid, Mr,Small_Family
742,1.0,1,female,21.0,262.375,B,C,train, Miss,Single
743,0.0,3,male,24.0,16.1,U,S,train, Mr,Small_Family
744,1.0,3,male,31.0,7.925,U,S,train, Mr,Single
745,0.0,1,male,70.0,71.0,B,S,train, Capt,Small_Family
746,0.0,3,male,16.0,20.25,U,S,train, Mr,Small_Family
747,1.0,2,female,30.0,13.0,U,S,train, Miss,Single
748,0.0,1,male,19.0,53.1,D,S,valid, Mr,Small_Family
749,0.0,3,male,31.0,7.75,U,Q,train, Mr,Single
750,1.0,2,female,4.0,23.0,U,S,train, Miss,Small_Family
751,1.0,3,male,6.0,12.475,E,S,train, Master,Small_Family
752,0.0,3,male,33.0,9.5,U,S,valid, Mr,Single
753,0.0,3,male,23.0,7.8958,U,S,train, Mr,Single
754,1.0,2,female,48.0,65.0,U,S,train, Mrs,Small_Family
755,1.0,2,male,0.67,14.5,U,S,train, Master,Small_Family
756,0.0,3,male,28.0,7.7958,U,S,train, Mr,Single
757,0.0,2,male,18.0,11.5,U,S,train, Mr,Single
758,0.0,3,male,34.0,8.05,U,S,train, Mr,Single
759,1.0,1,female,33.0,86.5,B,S,train, the Countess,Single
760,0.0,3,male,29.881137667304014,14.5,U,S,train, Mr,Single
761,0.0,3,male,41.0,7.125,U,S,train, Mr,Single
762,1.0,3,male,20.0,7.2292,U,C,train, Mr,Single
763,1.0,1,female,36.0,120.0,B,S,train, Mrs,Small_Family
764,0.0,3,male,16.0,7.775,U,S,train, Mr,Single
765,1.0,1,female,51.0,77.9583,D,S,valid, Mrs,Small_Family
766,0.0,1,male,29.881137667304014,39.6,U,C,valid, Dr,Single
767,0.0,3,female,30.5,7.75,U,Q,train, Miss,Single
768,0.0,3,male,29.881137667304014,24.15,U,Q,valid, Mr,Small_Family
769,0.0,3,male,32.0,8.3625,U,S,train, Mr,Single
770,0.0,3,male,24.0,9.5,U,S,train, Mr,Single
771,0.0,3,male,48.0,7.8542,U,S,train, Mr,Single
772,0.0,2,female,57.0,10.5,E,S,train, Mrs,Single
773,0.0,3,male,29.881137667304014,7.225,U,C,train, Mr,Single
774,1.0,2,female,54.0,23.0,U,S,valid, Mrs,Single
775,0.0,3,male,18.0,7.75,U,S,train, Mr,Single
776,0.0,3,male,29.881137667304014,7.75,F,Q,train, Mr,Single
777,1.0,3,female,5.0,12.475,U,S,train, Miss,Single
778,0.0,3,male,29.881137667304014,7.7375,U,Q,train, Mr,Single
779,1.0,1,female,43.0,211.3375,B,S,train, Mrs,Small_Family
780,1.0,3,female,13.0,7.2292,U,C,train, Miss,Single
781,1.0,1,female,17.0,57.0,B,S,train, Mrs,Small_Family
782,0.0,1,male,29.0,30.0,D,S,train, Mr,Single
783,0.0,3,male,29.881137667304014,23.45,U,S,train, Mr,Small_Family
784,0.0,3,male,25.0,7.05,U,S,train, Mr,Single
785,0.0,3,male,25.0,7.25,U,S,train, Mr,Single
786,1.0,3,female,18.0,7.4958,U,S,train, Miss,Single
787,0.0,3,male,8.0,29.125,U,Q,train, Master,Large_Family
788,1.0,3,male,1.0,20.575,U,S,train, Master,Small_Family
789,0.0,1,male,46.0,79.2,B,C,train, Mr,Single
790,0.0,3,male,29.881137667304014,7.75,U,Q,train, Mr,Single
791,0.0,2,male,16.0,26.0,U,S,train, Mr,Single
792,0.0,3,female,29.881137667304014,69.55,U,S,train, Miss,Large_Family
793,0.0,1,male,29.881137667304014,30.6958,U,C,train, Mr,Single
794,0.0,3,male,25.0,7.8958,U,S,valid, Mr,Single
795,0.0,2,male,39.0,13.0,U,S,valid, Mr,Single
796,1.0,1,female,49.0,25.9292,D,S,train, Dr,Single
797,1.0,3,female,31.0,8.6833,U,S,train, Mrs,Single
798,0.0,3,male,30.0,7.2292,U,C,train, Mr,Single
799,0.0,3,female,30.0,24.15,U,S,train, Mrs,Small_Family
800,0.0,2,male,34.0,13.0,U,S,train, Mr,Single
801,1.0,2,female,31.0,26.25,U,S,train, Mrs,Small_Family
802,1.0,1,male,11.0,120.0,B,S,train, Master,Small_Family
803,1.0,3,male,0.42,8.5167,U,C,train, Master,Small_Family
804,1.0,3,male,27.0,6.975,U,S,train, Mr,Single
805,0.0,3,male,31.0,7.775,U,S,train, Mr,Single
806,0.0,1,male,39.0,0.0,A,S,valid, Mr,Single
807,0.0,3,female,18.0,7.775,U,S,train, Miss,Single
808,0.0,2,male,39.0,13.0,U,S,train, Mr,Single
809,1.0,1,female,33.0,53.1,E,S,train, Mrs,Small_Family
810,0.0,3,male,26.0,7.8875,U,S,train, Mr,Single
811,0.0,3,male,39.0,24.15,U,S,train, Mr,Single
812,0.0,2,male,35.0,10.5,U,S,train, Mr,Single
813,0.0,3,female,6.0,31.275,U,S,train, Miss,Large_Family
814,0.0,3,male,30.5,8.05,U,S,train, Mr,Single
815,0.0,1,male,29.881137667304014,0.0,B,S,train, Mr,Single
816,0.0,3,female,23.0,7.925,U,S,train, Miss,Single
817,0.0,2,male,31.0,37.0042,U,C,train, Mr,Small_Family
818,0.0,3,male,43.0,6.45,U,S,train, Mr,Single
819,0.0,3,male,10.0,27.9,U,S,train, Master,Large_Family
820,1.0,1,female,52.0,93.5,B,S,train, Mrs,Small_Family
821,1.0,3,male,27.0,8.6625,U,S,train, Mr,Single
822,0.0,1,male,38.0,0.0,U,S,train, Jonkheer,Single
823,1.0,3,female,27.0,12.475,E,S,train, Mrs,Small_Family
824,0.0,3,male,2.0,39.6875,U,S,train, Master,Large_Family
825,0.0,3,male,29.881137667304014,6.95,U,Q,valid, Mr,Single
826,0.0,3,male,29.881137667304014,56.4958,U,S,train, Mr,Single
827,1.0,2,male,1.0,37.0042,U,C,train, Master,Small_Family
828,1.0,3,male,29.881137667304014,7.75,U,Q,train, Mr,Single
829,1.0,1,female,62.0,80.0,B,S,train, Mrs,Single
830,1.0,3,female,15.0,14.4542,U,C,train, Mrs,Small_Family
831,1.0,2,male,0.83,18.75,U,S,train, Master,Small_Family
832,0.0,3,male,29.881137667304014,7.2292,U,C,train, Mr,Single
833,0.0,3,male,23.0,7.8542,U,S,train, Mr,Single
834,0.0,3,male,18.0,8.3,U,S,train, Mr,Single
835,1.0,1,female,39.0,83.1583,E,C,train, Miss,Small_Family
836,0.0,3,male,21.0,8.6625,U,S,valid, Mr,Single
837,0.0,3,male,29.881137667304014,8.05,U,S,train, Mr,Single
838,1.0,3,male,32.0,56.4958,U,S,train, Mr,Single
839,1.0,1,male,29.881137667304014,29.7,C,C,train, Mr,Single
840,0.0,3,male,20.0,7.925,U,S,train, Mr,Single
841,0.0,2,male,16.0,10.5,U,S,train, Mr,Single
842,1.0,1,female,30.0,31.0,U,C,train, Miss,Single
843,0.0,3,male,34.5,6.4375,U,C,train, Mr,Single
844,0.0,3,male,17.0,8.6625,U,S,train, Mr,Single
845,0.0,3,male,42.0,7.55,U,S,train, Mr,Single
846,0.0,3,male,29.881137667304014,69.55,U,S,train, Mr,Large_Family
847,0.0,3,male,35.0,7.8958,U,C,train, Mr,Single
848,0.0,2,male,28.0,33.0,U,S,train, Rev,Small_Family
849,1.0,1,female,29.881137667304014,89.1042,C,C,train, Mrs,Small_Family
850,0.0,3,male,4.0,31.275,U,S,train, Master,Large_Family
851,0.0,3,male,74.0,7.775,U,S,train, Mr,Single
852,0.0,3,female,9.0,15.2458,U,C,train, Miss,Small_Family
853,1.0,1,female,16.0,39.4,D,S,train, Miss,Small_Family
854,0.0,2,female,44.0,26.0,U,S,valid, Mrs,Small_Family
855,1.0,3,female,18.0,9.35,U,S,train, Mrs,Small_Family
856,1.0,1,female,45.0,164.8667,U,S,train, Mrs,Small_Family
857,1.0,1,male,51.0,26.55,E,S,train, Mr,Single
858,1.0,3,female,24.0,19.2583,U,C,train, Mrs,Small_Family
859,0.0,3,male,29.881137667304014,7.2292,U,C,train, Mr,Single
860,0.0,3,male,41.0,14.1083,U,S,valid, Mr,Small_Family
861,0.0,2,male,21.0,11.5,U,S,valid, Mr,Small_Family
862,1.0,1,female,48.0,25.9292,D,S,train, Mrs,Single
863,0.0,3,female,29.881137667304014,69.55,U,S,train, Miss,Large_Family
864,0.0,2,male,24.0,13.0,U,S,train, Mr,Single
865,1.0,2,female,42.0,13.0,U,S,valid, Mrs,Single
866,1.0,2,female,27.0,13.8583,U,C,train, Miss,Small_Family
867,0.0,1,male,31.0,50.4958,A,S,train, Mr,Single
868,0.0,3,male,29.881137667304014,9.5,U,S,train, Mr,Single
869,1.0,3,male,4.0,11.1333,U,S,train, Master,Small_Family
870,0.0,3,male,26.0,7.8958,U,S,train, Mr,Single
871,1.0,1,female,47.0,52.5542,D,S,train, Mrs,Small_Family
872,0.0,1,male,33.0,5.0,B,S,train, Mr,Single
873,0.0,3,male,47.0,9.0,U,S,train, Mr,Single
874,1.0,2,female,28.0,24.0,U,C,train, Mrs,Small_Family
875,1.0,3,female,15.0,7.225,U,C,train, Miss,Single
876,0.0,3,male,20.0,9.8458,U,S,train, Mr,Single
877,0.0,3,male,19.0,7.8958,U,S,train, Mr,Single
878,0.0,3,male,29.881137667304014,7.8958,U,S,valid, Mr,Single
879,1.0,1,female,56.0,83.1583,C,C,train, Mrs,Small_Family
880,1.0,2,female,25.0,26.0,U,S,train, Mrs,Small_Family
881,0.0,3,male,33.0,7.8958,U,S,train, Mr,Single
882,0.0,3,female,22.0,10.5167,U,S,train, Miss,Single
883,0.0,2,male,28.0,10.5,U,S,train, Mr,Single
884,0.0,3,male,25.0,7.05,U,S,train, Mr,Single
885,0.0,3,female,39.0,29.125,U,Q,train, Mrs,Large_Family
886,0.0,2,male,27.0,13.0,U,S,train, Rev,Single
887,1.0,1,female,19.0,30.0,B,S,train, Miss,Single
888,0.0,3,female,29.881137667304014,23.45,U,S,train, Miss,Small_Family
889,1.0,1,male,26.0,30.0,C,C,train, Mr,Single
890,0.0,3,male,32.0,7.75,U,Q,train, Mr,Single
